frame_time,x,y,x_rotation,y_rotation,z_rotation,size
0.0,271,153,0.4809988737106323,-15.650885581970215,0.2071884423494339,17248
0.03333333333333333,270,153,1.3567795753479004,-15.636146545410156,0.04940693825483322,17515
0.06666666666666667,270,153,1.6670652627944946,-15.708648681640625,0.06249690800905228,17515
0.1,270,154,1.246789813041687,-15.782305717468262,-0.07444050908088684,17402
0.13333333333333333,270,154,0.5816038846969604,-15.848504066467285,-0.2702765464782715,17402
0.16666666666666666,270,154,0.9801008105278015,-15.81680965423584,-0.45921799540519714,17402
0.2,269,154,1.7533724308013916,-15.134937286376953,-0.3501995801925659,17825
0.23333333333333334,268,155,1.900881052017212,-15.460329055786133,-0.3426405191421509,17710
0.26666666666666666,267,153,1.9872467517852783,-13.788331031799316,-0.270244836807251,17595
0.3,266,156,1.301194429397583,-13.517569541931152,-1.0208802223205566,18564
0.3333333333333333,266,155,1.6587693691253662,-13.595209121704102,-0.7393413782119751,17980
0.36666666666666664,266,158,0.9202589988708496,-14.1404447555542,-0.9293286800384521,18802
0.4,266,159,1.954550862312317,-14.086979866027832,-1.1803168058395386,18840
0.43333333333333335,265,160,1.6061512231826782,-13.75607681274414,-1.4296365976333618,19118
0.4666666666666667,265,160,2.533637285232544,-13.959391593933105,-2.0650882720947266,19440
0.5,264,160,3.0108604431152344,-13.582390785217285,-2.103113889694214,19723
0.5333333333333333,265,160,3.260641098022461,-13.853766441345215,-1.5434308052062988,20130
0.5666666666666667,263,161,1.7168997526168823,-12.616506576538086,-1.8889154195785522,21294
0.6,262,161,2.1715335845947266,-11.653533935546875,-1.7890360355377197,21168
0.6333333333333333,261,162,1.6164889335632324,-10.712604522705078,-2.105304479598999,21294
0.6666666666666666,259,162,1.8082913160324097,-10.012984275817871,-1.91013765335083,21209
0.7,259,162,1.1604547500610352,-9.585400581359863,-1.9226617813110352,21632
0.7333333333333333,258,164,1.8275139331817627,-9.591203689575195,-2.1559836864471436,21672
0.7666666666666666,256,164,1.9075560569763184,-9.332976341247559,-2.4696407318115234,21971
0.8,256,165,2.0094845294952393,-9.868194580078125,-2.7866697311401367,22528
0.8333333333333334,255,165,1.3078409433364868,-9.37907600402832,-2.919602155685425,22575
0.8666666666666667,255,167,1.1743574142456055,-9.896023750305176,-3.2870497703552246,22704
0.9,256,168,2.4110350608825684,-10.014837265014648,-3.3308780193328857,23010
0.9333333333333333,256,170,2.617049217224121,-10.733171463012695,-3.5492117404937744,22880
0.9666666666666667,256,170,3.7467429637908936,-10.967754364013672,-4.122125148773193,22704
1.0,256,170,3.832951784133911,-11.035075187683105,-4.030191898345947,22575
1.0333333333333332,256,170,4.074935436248779,-11.908315658569336,-4.161432266235352,22575
1.0666666666666667,256,171,4.984124660491943,-12.31903076171875,-3.77596378326416,22880
1.1,256,171,5.0470685958862305,-11.902786254882812,-4.152745723724365,22880
1.1333333333333333,255,171,5.250452518463135,-13.993522644042969,-3.5541293621063232,23807
1.1666666666666667,255,171,6.628007888793945,-13.917720794677734,-3.3647096157073975,22575
1.2,255,172,6.476708889007568,-14.354242324829102,-3.3064560890197754,22704
1.2333333333333334,255,172,7.221854209899902,-14.534979820251465,-3.4594826698303223,22656
1.2666666666666666,255,172,7.974095344543457,-14.959609985351562,-3.5257322788238525,22528
1.3,255,172,7.936476230621338,-15.328545570373535,-3.3306283950805664,22656
1.3333333333333333,254,172,7.673655986785889,-15.55300521850586,-3.4808876514434814,22225
1.3666666666666667,254,172,7.7119622230529785,-15.652376174926758,-3.780367374420166,22528
1.4,254,172,8.224337577819824,-16.51474952697754,-3.7857539653778076,22656
1.4333333333333333,253,172,9.453147888183594,-17.23015785217285,-4.2189249992370605,22400
1.4666666666666666,253,171,13.056318283081055,-18.20561981201172,-3.8656013011932373,21971
1.5,252,171,12.932767868041992,-18.333345413208008,-3.4596590995788574,22272
1.5333333333333332,250,169,13.36011028289795,-18.222503662109375,-4.34112024307251,22317
1.5666666666666667,249,168,12.31618595123291,-17.212230682373047,-4.446526527404785,22144
1.6,249,167,11.582348823547363,-18.014095306396484,-4.74191427230835,20787
1.6333333333333333,248,166,9.871345520019531,-17.268091201782227,-4.346183776855469,20664
1.6666666666666667,248,163,8.727245330810547,-16.577987670898438,-4.932822227478027,20008
1.7,247,161,7.8357462882995605,-16.357919692993164,-5.825065612792969,19320
1.7333333333333334,245,159,7.9239115715026855,-16.653831481933594,-5.8192524909973145,18921
1.7666666666666666,244,156,6.585479736328125,-14.182791709899902,-6.346644878387451,18564
1.8,242,155,7.948315620422363,-15.773036003112793,-5.945024490356445,17365
1.8333333333333333,241,153,6.729127407073975,-15.014583587646484,-6.532994270324707,17284
1.8666666666666667,240,150,5.852516174316406,-13.565569877624512,-7.013163089752197,16986
1.9,239,148,5.1229448318481445,-14.222051620483398,-6.691180229187012,17284
1.9333333333333333,238,146,6.40520715713501,-13.421030044555664,-6.854669570922852,16644
1.9666666666666666,237,144,4.50996208190918,-14.594265937805176,-7.132091045379639,16385
2.0,236,142,4.541204452514648,-14.706686973571777,-7.485151767730713,15151
2.033333333333333,235,141,3.7054290771484375,-14.689434051513672,-7.120245456695557,15012
2.0666666666666664,234,139,4.447242736816406,-15.738874435424805,-7.006354808807373,15012
2.1,233,138,4.0345234870910645,-15.46731948852539,-7.2722601890563965,14766
2.1333333333333333,232,136,3.145442008972168,-16.072879791259766,-7.057028293609619,14766
2.1666666666666665,232,134,2.787504196166992,-16.011117935180664,-7.394865036010742,14522
2.2,231,132,3.2521400451660156,-16.26105308532715,-7.323479175567627,13635
2.2333333333333334,230,131,3.29424786567688,-17.523813247680664,-7.0340399742126465,13635
2.2666666666666666,230,130,1.9369663000106812,-17.935794830322266,-7.383131980895996,13500
2.3,228,128,1.318149209022522,-19.188438415527344,-7.586252689361572,13266
2.3333333333333335,228,127,0.10682158172130585,-18.628145217895508,-7.909204006195068,12936
2.3666666666666667,227,124,-0.7024309039115906,-18.36459732055664,-7.609745979309082,12544
2.4,225,122,-1.647172451019287,-20.260160446166992,-7.742363929748535,11970
2.433333333333333,225,120,-2.884145975112915,-20.19999885559082,-7.5550856590271,11656
2.466666666666667,224,119,-3.087372303009033,-20.581125259399414,-7.562564373016357,11346
2.5,224,117,-3.827011823654175,-20.621543884277344,-7.582902431488037,11374
2.533333333333333,223,115,-4.592341423034668,-20.151823043823242,-8.188299179077148,11186
2.5666666666666664,223,113,-5.79798698425293,-21.664411544799805,-7.702563762664795,10580
2.6,222,111,-4.764026165008545,-22.366853713989258,-7.807409763336182,9483
2.6333333333333333,222,110,-5.115582466125488,-22.339040756225586,-8.18331241607666,9288
2.6666666666666665,221,109,-6.245275020599365,-20.83797836303711,-8.598357200622559,9288
2.7,219,109,-6.472830295562744,-18.633878707885742,-7.811008930206299,9095
2.7333333333333334,218,111,-8.681386947631836,-15.011873245239258,-8.404176712036133,9265
2.7666666666666666,218,112,-8.163537979125977,-12.825963020324707,-7.831790447235107,9265
2.8,218,113,-9.138744354248047,-10.895214080810547,-8.698172569274902,9240
2.8333333333333335,217,112,-10.32225227355957,-12.263370513916016,-9.474525451660156,8904
2.8666666666666667,216,111,-10.03510856628418,-11.291879653930664,-8.196922302246094,8100
2.9,217,111,-9.641942977905273,-11.19715404510498,-7.834903240203857,7760
2.933333333333333,217,113,-5.564589023590088,-9.414419174194336,-7.787145137786865,7584
2.966666666666667,217,113,-3.8618342876434326,-9.840142250061035,-6.411418914794922,7332
3.0,217,114,-3.8774142265319824,-9.010283470153809,-7.068375110626221,7332
3.033333333333333,217,115,-5.641729354858398,-9.415508270263672,-7.377486705780029,7332
3.0666666666666664,217,117,-5.805980682373047,-8.467202186584473,-7.975167751312256,7663
3.1,217,118,-6.707022666931152,-8.233709335327148,-8.439663887023926,7821
3.1333333333333333,217,121,-6.6964616775512695,-6.900503635406494,-8.737923622131348,7920
3.1666666666666665,217,123,-6.884381294250488,-4.177824020385742,-7.299050807952881,7840
3.2,216,124,-6.0541768074035645,-3.7803521156311035,-6.282002925872803,7722
3.2333333333333334,215,124,-5.3452277183532715,-3.0801732540130615,-6.762409687042236,7979
3.2666666666666666,216,125,-5.515686988830566,0.6661163568496704,-6.294485569000244,7979
3.3,216,126,-5.0667195320129395,0.9854118227958679,-6.080338478088379,8137
3.3333333333333335,216,127,-4.102597236633301,3.0712223052978516,-6.147050380706787,8058
3.3666666666666667,216,127,-4.532782554626465,2.4719619750976562,-6.430885314941406,8137
3.4,217,128,-4.851734638214111,1.3832801580429077,-6.328021049499512,8320
3.433333333333333,218,128,-5.258727073669434,4.381304740905762,-6.794036865234375,8320
3.466666666666667,218,128,-4.464025497436523,4.393304824829102,-6.706286430358887,8320
3.5,219,128,-4.261143684387207,6.214273452758789,-6.12025260925293,8320
3.533333333333333,220,128,-4.217879772186279,4.899658679962158,-6.183281421661377,8320
3.5666666666666664,220,127,-3.8157870769500732,7.312931537628174,-6.260279655456543,8320
3.6,221,127,-2.1094396114349365,7.229273319244385,-5.215110778808594,8320
3.6333333333333333,221,126,-4.818037033081055,5.607697010040283,-4.836301326751709,8262
3.6666666666666665,222,125,-4.867359161376953,6.926249980926514,-5.029508590698242,8652
3.6999999999999997,222,126,-4.230410575866699,4.456685543060303,-5.450880527496338,8100
3.7333333333333334,223,124,-2.8061764240264893,4.913254261016846,-3.695671319961548,7920
3.7666666666666666,226,123,-3.4521396160125732,4.100683689117432,-4.094748497009277,7760
3.8,228,124,-3.3869175910949707,2.895923614501953,-1.2705212831497192,7680
3.8333333333333335,229,124,-3.1069254875183105,0.7556474208831787,-0.18902957439422607,7488
3.8666666666666667,231,123,-3.2368502616882324,-1.905588150024414,-0.2623308598995209,7488
3.9,233,123,-3.831674575805664,-2.633451223373413,0.8942973613739014,7584
3.933333333333333,235,123,-2.9965527057647705,-5.81402063369751,0.3991381525993347,7488
3.966666666666667,237,123,-3.711235761642456,-6.088368892669678,0.7454554438591003,7488
4.0,238,124,-3.4900717735290527,-5.889847755432129,0.7197977900505066,7840
4.033333333333333,240,122,-4.395314693450928,-6.633760452270508,1.6586679220199585,8181
4.066666666666666,242,123,-4.192063808441162,-8.440217971801758,1.4804015159606934,8080
4.1,243,123,-2.6153957843780518,-8.683526039123535,2.1865813732147217,8820
4.133333333333333,245,123,-3.2128381729125977,-11.8091402053833,2.336778402328491,8000
4.166666666666667,245,122,-3.4698374271392822,-12.128787994384766,1.6624552011489868,7979
4.2,247,122,-3.040722370147705,-13.128579139709473,1.4488310813903809,8080
4.233333333333333,248,122,-2.9040372371673584,-15.323756217956543,1.6320403814315796,8160
4.266666666666667,249,122,-2.7556068897247314,-16.2840576171875,1.3250011205673218,8240
4.3,249,122,-2.5648443698883057,-14.993020057678223,1.1037291288375854,8925
4.333333333333333,251,123,-3.4115076065063477,-17.81452751159668,-0.5063196420669556,8988
4.366666666666666,252,126,-2.7591497898101807,-18.499753952026367,-1.040683627128601,9460
4.4,253,128,-1.9005162715911865,-20.56587028503418,-2.7164745330810547,10120
4.433333333333334,253,127,0.8068869709968567,-20.241777420043945,-1.9823299646377563,9570
4.466666666666667,254,128,1.045509696006775,-20.257247924804688,-1.079482913017273,9396
4.5,255,127,0.7884129285812378,-20.535673141479492,-1.367578387260437,9592
4.533333333333333,256,128,1.4800516366958618,-21.080577850341797,-1.7224889993667603,10488
4.566666666666666,256,128,2.190490961074829,-20.96999168395996,-2.010805368423462,10695
4.6,257,129,3.380711793899536,-19.98916244506836,-1.6259875297546387,11067
4.633333333333333,259,129,3.5095338821411133,-20.790985107421875,-1.0631259679794312,11067
4.666666666666667,260,129,1.8308199644088745,-21.85752296447754,-1.6178525686264038,11160
4.7,260,129,4.129957675933838,-19.974443435668945,-1.1931995153427124,11400
4.733333333333333,261,129,3.4923598766326904,-21.313488006591797,-1.7367360591888428,11400
4.766666666666667,262,129,3.3589048385620117,-21.422306060791016,-1.3427759408950806,12152
4.8,262,129,3.388399600982666,-21.448877334594727,-1.1423877477645874,12375
4.833333333333333,262,131,5.253134727478027,-22.691650390625,-0.8241589665412903,12827
4.866666666666666,262,133,5.513962268829346,-21.07141876220703,-1.7420315742492676,13545
4.9,261,135,5.798017501831055,-21.163848876953125,-1.4757903814315796,13886
4.933333333333334,261,137,4.463855266571045,-18.687467575073242,-1.4097179174423218,14338
4.966666666666667,260,140,5.820224761962891,-16.919986724853516,-1.4567018747329712,14904
5.0,258,143,6.672616004943848,-14.294591903686523,-1.7442083358764648,15707
5.033333333333333,255,149,6.89574670791626,-11.654478073120117,-1.6221181154251099,17020
5.066666666666666,254,152,8.523195266723633,-9.888642311096191,-1.238728404045105,17595
5.1,253,154,9.178433418273926,-9.058176040649414,-1.6290724277496338,17632
5.133333333333333,253,153,11.48263931274414,-6.67755126953125,-1.4545944929122925,17284
5.166666666666667,252,151,12.470372200012207,-6.663140773773193,-1.0112793445587158,17880
5.2,250,151,11.142962455749512,-4.894715309143066,-1.58327317237854,18150
5.233333333333333,249,151,12.264778137207031,-5.995811939239502,-1.469414472579956,18029
5.266666666666667,249,154,13.676209449768066,-5.484964847564697,-1.3120934963226318,18300
5.3,248,155,12.833094596862793,-5.000733852386475,-1.4870004653930664,18422
5.333333333333333,246,156,13.722604751586914,-5.029433727264404,-1.2221041917800903,18422
5.366666666666666,244,158,13.804253578186035,-4.3986005783081055,-1.6050206422805786,19404
5.4,242,159,14.728921890258789,-3.3132433891296387,-1.6807140111923218,19812
5.433333333333334,239,158,14.995109558105469,-3.264878749847412,-2.2495782375335693,20769
5.466666666666667,238,161,15.369781494140625,-2.2140350341796875,-2.267648458480835,21320
5.5,236,162,14.992278099060059,-0.16208496689796448,-2.781219482421875,22512
5.533333333333333,235,162,15.484773635864258,-0.5602237582206726,-3.1590614318847656,21842
5.566666666666666,233,167,10.76343822479248,-0.24964012205600739,-3.8027403354644775,22140
5.6,234,175,15.14830493927002,1.5062023401260376,-6.447020530700684,23940
5.633333333333333,234,182,19.92178726196289,0.046307533979415894,-7.207455158233643,23520
5.666666666666667,233,186,23.215381622314453,-3.9595789909362793,-5.39054012298584,22468
5.7,233,187,23.228063583374023,-5.0645551681518555,-5.2158522605896,22742
5.733333333333333,233,188,21.892526626586914,-6.01200008392334,-4.999771595001221,22742
5.766666666666667,234,189,22.416427612304688,-6.3851494789123535,-4.922402858734131,23970
5.8,236,190,23.659011840820312,-7.083980560302734,-4.853098392486572,24882
5.833333333333333,236,190,23.510318756103516,-7.298324108123779,-4.975738048553467,24453
5.866666666666666,236,191,23.761783599853516,-8.19900894165039,-4.982148170471191,24336
5.9,236,191,24.026233673095703,-8.318177223205566,-5.4152750968933105,24048
5.933333333333334,236,193,24.759775161743164,-9.1134033203125,-5.101692199707031,23760
5.966666666666667,235,197,23.920930862426758,-8.452980995178223,-5.892561912536621,24568
6.0,234,199,24.812833786010742,-9.393070220947266,-5.686282157897949,24549
6.033333333333333,234,204,25.44440460205078,-9.857698440551758,-6.360363006591797,24696
6.066666666666666,236,207,25.313430786132812,-9.482507705688477,-6.638474941253662,25500
6.1,236,212,25.82891845703125,-9.694616317749023,-6.738918304443359,27612
6.133333333333333,236,215,25.704267501831055,-10.636147499084473,-5.829720973968506,28103
6.166666666666667,237,217,26.323795318603516,-11.387041091918945,-5.896679878234863,28980
6.2,238,220,27.966276168823242,-11.996441841125488,-5.900728702545166,29141
6.233333333333333,240,219,29.58047866821289,-12.558088302612305,-5.261841297149658,27966
6.266666666666667,240,219,29.61444091796875,-13.329785346984863,-5.350977420806885,27632
6.3,241,219,30.287517547607422,-13.611178398132324,-4.682192325592041,27632
6.333333333333333,242,218,29.846973419189453,-13.80337905883789,-4.310671329498291,27768
6.366666666666666,241,218,31.073930740356445,-14.558133125305176,-4.427555561065674,27590
6.4,241,214,30.96846580505371,-14.368759155273438,-4.027530670166016,26970
6.433333333333334,243,211,31.01125717163086,-13.94579792022705,-3.2244460582733154,25500
6.466666666666667,243,209,30.411386489868164,-14.265524864196777,-2.3721656799316406,25519
6.5,245,208,28.928932189941406,-14.031316757202148,-2.875154972076416,25032
6.533333333333333,248,205,28.609132766723633,-14.277198791503906,-2.0008137226104736,25350
6.566666666666666,248,205,28.34405517578125,-14.433012008666992,-1.182092308998108,24696
6.6,250,203,27.400495529174805,-14.678376197814941,-0.45760270953178406,24734
6.633333333333333,254,199,26.47294044494629,-14.76595687866211,0.08698442578315735,24108
6.666666666666667,256,197,26.30583381652832,-14.283208847045898,0.40047791600227356,23166
6.7,258,194,25.589553833007812,-15.336181640625,1.2444454431533813,22560
6.733333333333333,260,193,25.095664978027344,-15.306145668029785,1.7023009061813354,22680
6.766666666666667,261,193,23.668807983398438,-14.845663070678711,2.0190157890319824,22468
6.8,263,191,23.263402938842773,-14.929560661315918,2.647186279296875,23688
6.833333333333333,264,189,22.799213409423828,-15.025727272033691,2.7473175525665283,23520
6.866666666666666,268,186,21.526887893676758,-14.471518516540527,3.712949514389038,23520
6.8999999999999995,270,182,20.090450286865234,-14.37292766571045,4.089684009552002,22194
6.933333333333334,271,180,19.520862579345703,-13.188319206237793,4.313004493713379,22440
6.966666666666667,272,178,18.53144073486328,-12.649027824401855,4.80293607711792,22140
7.0,273,177,17.666213989257812,-12.007547378540039,5.044841766357422,22244
7.033333333333333,274,175,16.91412925720215,-10.732195854187012,5.291280746459961,21842
7.066666666666666,275,173,15.93010139465332,-9.650986671447754,5.482961177825928,22275
7.1,276,171,14.841038703918457,-8.978729248046875,5.490910053253174,21546
7.133333333333333,277,169,15.111777305603027,-8.44416332244873,6.131937026977539,20540
7.166666666666667,278,167,14.574247360229492,-8.274104118347168,6.7573723793029785,20670
7.2,277,166,13.847431182861328,-7.172640800476074,6.593203067779541,20253
7.233333333333333,278,166,15.671055793762207,-7.1233744621276855,6.368070602416992,20096
7.266666666666667,277,167,18.462196350097656,-4.679787635803223,5.361798286437988,20352
7.3,276,169,16.73358917236328,-3.3012070655822754,4.789402961730957,20769
7.333333333333333,275,170,15.45962905883789,-2.3798131942749023,4.866154193878174,20320
7.366666666666666,275,169,16.301448822021484,-2.2446813583374023,5.103122711181641,19557
7.3999999999999995,276,168,16.52859878540039,-1.006231665611267,4.79292631149292,20160
7.433333333333334,275,166,17.057804107666016,-0.47403454780578613,4.802894592285156,20320
7.466666666666667,275,164,16.409313201904297,-0.4611029326915741,4.512458801269531,19908
7.5,273,162,15.444951057434082,0.41377702355384827,4.040842533111572,19065
7.533333333333333,273,161,14.852660179138184,0.44182783365249634,3.9962570667266846,18666
7.566666666666666,271,161,14.993030548095703,1.067273736000061,3.611989974975586,18942
7.6,270,161,15.481599807739258,1.504544734954834,3.266749620437622,19782
7.633333333333333,269,164,16.481678009033203,1.283941626548767,3.323864698410034,20447
7.666666666666667,269,165,16.20160675048828,0.8639053106307983,2.7338502407073975,20034
7.7,268,167,17.011083602905273,1.3478102684020996,2.205228090286255,20412
7.733333333333333,267,168,16.532320022583008,1.5693721771240234,2.086073637008667,20412
7.766666666666667,265,167,17.465620040893555,2.4981210231781006,1.4847387075424194,19434
7.8,264,166,16.869626998901367,3.31717848777771,1.420217752456665,19311
7.833333333333333,263,166,17.73630714416504,2.911698341369629,1.272347092628479,20160
7.866666666666666,261,166,18.521711349487305,2.8870089054107666,1.0311589241027832,19782
7.8999999999999995,259,166,18.742029190063477,3.5457053184509277,1.2141611576080322,20034
7.933333333333334,256,166,18.725547790527344,3.6130452156066895,1.2029359340667725,19939
7.966666666666667,254,168,17.978885650634766,2.9206933975219727,0.3224177062511444,20382
8.0,252,170,17.80591583251953,2.7627503871917725,-0.5084329843521118,20410
8.033333333333333,250,176,18.71995735168457,2.574399948120117,-2.1888725757598877,20930
8.066666666666666,247,185,18.472660064697266,2.1292316913604736,-2.780308485031128,23085
8.1,246,190,22.307897567749023,3.427861213684082,-2.5146889686584473,22984
8.133333333333333,244,188,21.506481170654297,4.443687915802002,-2.8418664932250977,22610
8.166666666666666,243,188,21.89101219177246,2.9236371517181396,-2.9068410396575928,22512
8.2,243,187,22.248676300048828,2.3860442638397217,-2.8261454105377197,22512
8.233333333333333,242,186,21.67104721069336,1.6096858978271484,-2.986807107925415,22680
8.266666666666666,242,186,22.209392547607422,1.5064457654953003,-3.422274112701416,22712
8.3,241,187,22.055397033691406,1.2504723072052002,-3.5134778022766113,22576
8.333333333333334,239,186,22.42978858947754,1.8795887231826782,-4.163438320159912,21735
8.366666666666667,240,185,21.76195526123047,2.138226270675659,-4.022159576416016,21306
8.4,239,186,22.558767318725586,1.5461243391036987,-4.12852668762207,21465
8.433333333333334,239,188,22.2513370513916,1.2920180559158325,-4.065240859985352,21465
8.466666666666667,239,188,22.305362701416016,1.6959279775619507,-4.452805519104004,21195
8.5,239,189,23.19086456298828,1.5695452690124512,-4.1642537117004395,21465
8.533333333333333,240,191,25.821664810180664,1.2318083047866821,-4.3871870040893555,21624
8.566666666666666,242,193,27.13783073425293,1.0492656230926514,-3.285973310470581,22820
8.6,243,193,27.62000846862793,0.900373101234436,-3.03944730758667,22983
8.633333333333333,245,193,28.917457580566406,-1.2696945667266846,-3.470740795135498,22720
8.666666666666666,246,194,29.234403610229492,-1.8257719278335571,-3.701939344406128,23004
8.7,245,196,29.054397583007812,-2.7235195636749268,-3.999559164047241,23124
8.733333333333333,246,195,27.266244888305664,-3.7471201419830322,-3.828814744949341,22701
8.766666666666666,248,194,26.28769874572754,-4.4825439453125,-3.4830331802368164,21783
8.8,250,194,25.938138961791992,-5.043732166290283,-3.2385995388031006,21783
8.833333333333334,253,195,25.623228073120117,-6.1036906242370605,-3.108438730239868,22057
8.866666666666667,256,196,25.433156967163086,-6.657467842102051,-2.771005153656006,23100
8.9,257,194,24.92764663696289,-7.26420259475708,-2.2680392265319824,22820
8.933333333333334,258,193,22.51190948486328,-8.065156936645508,-2.351165533065796,21920
8.966666666666667,259,193,23.93689727783203,-9.034029960632324,-2.1583826541900635,21920
9.0,260,193,25.04254722595215,-10.228596687316895,-1.9731683731079102,21488
9.033333333333333,261,193,25.006362915039062,-11.006509780883789,-2.3121421337127686,21352
9.066666666666666,261,195,26.899133682250977,-12.277656555175781,-1.7809791564941406,22260
9.1,261,196,28.33963966369629,-12.758353233337402,-2.185481309890747,22540
9.133333333333333,261,196,27.84688377380371,-12.767654418945312,-2.4496841430664062,22540
9.166666666666666,262,197,28.284910202026367,-13.024921417236328,-2.025747537612915,23146
9.2,262,199,28.307571411132812,-13.094270706176758,-2.1840462684631348,22842
9.233333333333333,262,200,28.585180282592773,-13.244563102722168,-1.9489672183990479,23004
9.266666666666666,262,200,29.068317413330078,-13.285714149475098,-2.11037540435791,22560
9.3,262,200,29.823707580566406,-13.74238109588623,-1.2481621503829956,23023
9.333333333333334,262,201,29.303319931030273,-13.442161560058594,-1.2254621982574463,23452
9.366666666666667,262,201,29.372886657714844,-12.71492862701416,-1.1545430421829224,23288
9.4,262,202,28.590415954589844,-12.525163650512695,-0.7318562865257263,23904
9.433333333333334,262,201,27.936262130737305,-11.167404174804688,-0.658149242401123,23760
9.466666666666667,261,200,27.926589965820312,-9.95241928100586,-0.6109147071838379,23309
9.5,260,199,28.789365768432617,-9.186580657958984,-0.9460494518280029,23166
9.533333333333333,258,200,28.688003540039062,-9.244396209716797,-0.5329379439353943,24167
9.566666666666666,259,202,29.088163375854492,-7.303289890289307,-0.8932450413703918,24843
9.6,259,203,28.31046485900879,-4.892934799194336,-0.46567845344543457,25431
9.633333333333333,257,202,30.25471305847168,-4.532566547393799,-0.7303438782691956,24048
9.666666666666666,255,202,30.02532386779785,-3.3268299102783203,-0.8556129932403564,23004
9.7,252,201,32.103416442871094,-3.0394535064697266,-0.34184902906417847,23023
9.733333333333333,249,202,31.766340255737305,-2.0317811965942383,-0.6708750128746033,22737
9.766666666666666,248,203,31.208938598632812,-1.2656779289245605,-0.8429961800575256,22436
9.8,246,206,31.9780216217041,-0.76045161485672,-0.3356895446777344,23166
9.833333333333334,246,207,32.70834732055664,0.281026691198349,-0.6572080850601196,23472
9.866666666666667,245,209,29.941360473632812,1.846773386001587,-1.0880018472671509,23328
9.9,246,207,31.59442138671875,3.978534698486328,-0.24933503568172455,24420
9.933333333333334,242,206,32.24871063232422,5.738282203674316,-1.060116171836853,24124
9.966666666666667,236,207,33.66474533081055,8.775491714477539,-2.5997793674468994,22594
10.0,233,206,35.142269134521484,11.534781455993652,-3.916645050048828,22294
10.033333333333333,229,205,35.24606704711914,13.299339294433594,-3.886199474334717,23520
10.066666666666666,228,203,34.45828628540039,15.092615127563477,-5.420657157897949,24436
10.1,228,198,33.377071380615234,15.621845245361328,-6.121248722076416,23680
10.133333333333333,227,194,32.249664306640625,16.717193603515625,-6.3533196449279785,23976
10.166666666666666,227,191,30.435396194458008,17.248315811157227,-6.375247478485107,25012
10.2,226,188,29.170984268188477,17.68129539489746,-6.548395156860352,23452
10.233333333333333,225,184,28.76186180114746,18.662546157836914,-6.021561145782471,22701
10.266666666666666,223,179,28.810470581054688,19.032840728759766,-6.863463878631592,22120
10.3,221,177,27.050914764404297,20.0631160736084,-6.598689079284668,21920
10.333333333333334,218,175,26.044099807739258,20.757997512817383,-7.390341281890869,22057
10.366666666666667,218,170,25.104063034057617,21.161100387573242,-7.181474208831787,21172
10.4,216,164,23.696622848510742,22.445627212524414,-7.514972686767578,19737
10.433333333333334,216,164,22.567752838134766,24.595827102661133,-8.417868614196777,20410
10.466666666666667,214,159,20.780746459960938,24.05963134765625,-8.240553855895996,20482
10.5,214,156,19.700618743896484,25.884450912475586,-7.951709747314453,19608
10.533333333333333,213,153,19.299741744995117,25.938663482666016,-7.830089092254639,17589
10.566666666666666,211,151,19.144418716430664,27.551830291748047,-8.688471794128418,16680
10.6,210,147,17.031410217285156,27.40953254699707,-9.810525894165039,16541
10.633333333333333,211,144,16.520368576049805,27.3013858795166,-10.66917610168457,15776
10.666666666666666,211,143,15.427988052368164,26.177490234375,-10.917550086975098,15162
10.7,211,144,15.551889419555664,26.257160186767578,-12.843582153320312,15776
10.733333333333333,211,144,16.445804595947266,24.652877807617188,-13.051712989807129,16100
10.766666666666666,212,142,15.991695404052734,22.413301467895508,-13.26418685913086,16100
10.8,213,140,13.677650451660156,18.449979782104492,-12.825807571411133,15732
10.833333333333334,215,139,13.484514236450195,16.860349655151367,-13.093338966369629,15846
10.866666666666667,216,138,11.757562637329102,15.442208290100098,-13.021590232849121,15456
10.9,218,137,10.516976356506348,12.582023620605469,-12.055312156677246,15707
10.933333333333334,222,137,10.865653991699219,11.600915908813477,-10.361148834228516,15792
10.966666666666667,224,137,9.60874080657959,8.913844108581543,-9.810227394104004,14606
11.0,227,136,10.85785961151123,7.2456512451171875,-10.049806594848633,14824
11.033333333333333,229,134,10.849079132080078,6.666833400726318,-9.04157543182373,14497
11.066666666666666,232,133,10.649102210998535,4.637818336486816,-8.089448928833008,14148
11.1,235,132,9.290881156921387,3.6615593433380127,-7.181023597717285,13674
11.133333333333333,237,132,10.67378044128418,3.2525734901428223,-6.909505844116211,12648
11.166666666666666,239,132,9.331820487976074,2.738101005554199,-6.845736980438232,12750
11.2,241,133,8.29145622253418,1.221381664276123,-5.675516605377197,14070
11.233333333333333,243,132,9.635418891906738,-0.7453963756561279,-5.036474227905273,13860
11.266666666666666,245,131,10.352696418762207,-1.282976746559143,-4.196390151977539,13755
11.3,249,130,10.357749938964844,-2.147132158279419,-3.849724292755127,12726
11.333333333333334,251,130,9.61687183380127,-2.8712213039398193,-3.350477457046509,12524
11.366666666666667,253,129,7.880073547363281,-4.254144191741943,-2.5078961849212646,12625
11.4,255,129,8.001739501953125,-3.341111660003662,-2.6726629734039307,12648
11.433333333333334,257,129,8.995251655578613,0.14185583591461182,-2.4631950855255127,12625
11.466666666666667,257,129,9.64002513885498,3.2892022132873535,-1.273664951324463,12524
11.5,258,129,10.886042594909668,7.886404991149902,0.4825759828090668,12625
11.533333333333333,259,128,13.111924171447754,13.701998710632324,0.49871698021888733,12100
11.566666666666666,259,127,12.695643424987793,18.9333438873291,2.3975088596343994,11979
11.6,259,127,10.384395599365234,23.34557342529297,4.303900718688965,12100
11.633333333333333,258,127,9.214838981628418,29.834627151489258,4.390919208526611,12000
11.666666666666666,257,126,9.082999229431152,32.223960876464844,5.210710048675537,11858
11.7,256,125,8.292407989501953,35.7655143737793,6.734739780426025,11979
11.733333333333333,257,126,5.917937278747559,39.20003128051758,7.770037651062012,12078
11.766666666666666,258,126,5.666938304901123,40.821502685546875,8.635812759399414,12500
11.8,258,128,6.032426357269287,40.146305084228516,8.40260124206543,12276
11.833333333333334,259,127,7.980871677398682,40.53538131713867,7.536711692810059,12500
11.866666666666667,261,128,8.684698104858398,37.22217559814453,5.909999370574951,12672
11.9,263,130,12.014749526977539,33.18473815917969,5.608424186706543,12474
11.933333333333334,267,131,11.810347557067871,26.940448760986328,4.5886077880859375,12726
11.966666666666667,270,133,14.633268356323242,20.11334800720215,4.685533046722412,13545
12.0,273,136,16.549236297607422,16.110549926757812,3.1604809761047363,14364
12.033333333333333,275,141,14.773024559020996,10.165595054626465,1.9412972927093506,15820
12.066666666666666,278,148,15.010493278503418,3.932840585708618,2.243475914001465,16272
12.1,281,155,12.705916404724121,-4.502347469329834,2.4675521850585938,17020
12.133333333333333,283,163,12.970527648925781,-9.830558776855469,-0.21447597444057465,18240
12.166666666666666,283,167,17.540863037109375,-11.788718223571777,-0.8961882591247559,17020
12.2,283,168,18.101179122924805,-14.232630729675293,-0.36710935831069946,16936
12.233333333333333,283,168,19.895709991455078,-15.573294639587402,-0.4671749770641327,16936
12.266666666666666,282,168,19.386568069458008,-16.787574768066406,-0.39787557721138,17850
12.3,281,167,18.732812881469727,-17.7429141998291,-0.43908044695854187,18819
12.333333333333334,280,167,18.148929595947266,-18.335731506347656,-0.5919980406761169,19530
12.366666666666667,279,168,19.63224983215332,-18.19418716430664,-0.9750055074691772,19431
12.4,279,169,19.712251663208008,-19.08826446533203,-0.8419982194900513,19584
12.433333333333334,277,171,19.98472023010254,-19.022586822509766,-1.1684519052505493,20124
12.466666666666667,275,173,20.764549255371094,-18.11107635498047,-1.158900499343872,20640
12.5,273,175,20.70171546936035,-17.05353546142578,-1.7671626806259155,20898
12.533333333333333,272,178,20.46381187438965,-16.912479400634766,-1.8924487829208374,21812
12.566666666666666,272,180,23.125883102416992,-17.242124557495117,-1.523392915725708,20800
12.6,270,181,23.258586883544922,-16.90239906311035,-1.5104515552520752,21679
12.633333333333333,269,183,24.93320083618164,-18.296335220336914,-1.2351185083389282,22005
12.666666666666666,268,187,25.716922760009766,-17.18250274658203,-1.3650163412094116,23547
12.7,268,188,26.33747100830078,-17.254186630249023,-1.654107928276062,23998
12.733333333333333,266,190,26.40818977355957,-16.878692626953125,-1.4360955953598022,23829
12.766666666666666,265,191,25.830759048461914,-17.69038200378418,-2.299926280975342,23547
12.8,264,190,26.154932022094727,-17.67916488647461,-2.647674083709717,22842
12.833333333333334,263,192,25.788122177124023,-17.535444259643555,-3.3109796047210693,23146
12.866666666666667,261,193,26.076322555541992,-17.44146156311035,-3.302577257156372,23309
12.9,259,195,24.842483520507812,-16.861177444458008,-3.8967444896698,23328
12.933333333333334,258,196,25.254941940307617,-15.887763977050781,-4.560985565185547,22880
12.966666666666667,256,197,25.032115936279297,-14.812658309936523,-4.262702941894531,23023
13.0,255,199,23.488393783569336,-11.307008743286133,-4.786527156829834,24864
13.033333333333333,251,198,19.883411407470703,-9.759941101074219,-5.166955947875977,24864
13.066666666666666,249,195,20.974098205566406,-8.548941612243652,-4.6320109367370605,24716
13.1,246,193,19.35990333557129,-6.51639986038208,-4.249906063079834,23738
13.133333333333333,245,193,19.420238494873047,-5.1176018714904785,-3.734574794769287,24480
13.166666666666666,245,190,18.77198028564453,-3.5871150493621826,-3.1607468128204346,24167
13.2,244,189,18.683063507080078,-3.2210659980773926,-2.7017455101013184,24310
13.233333333333333,243,187,19.136417388916016,-2.521644115447998,-2.48687481880188,25284
13.266666666666666,241,185,17.74126625061035,-1.7555233240127563,-1.508836030960083,24624
13.299999999999999,239,185,17.813674926757812,-1.2779560089111328,-1.5482078790664673,24912
13.333333333333334,237,185,17.176694869995117,0.01852404698729515,-1.9012881517410278,24850
13.366666666666667,236,186,17.84126853942871,0.16245943307876587,-2.2652809619903564,24882
13.4,235,188,20.690933227539062,-0.3634122610092163,-2.794215440750122,24816
13.433333333333334,234,190,22.375207901000977,-0.36020341515541077,-3.4638831615448,25168
13.466666666666667,234,191,23.43168830871582,-0.0695442482829094,-3.7383365631103516,24566
13.5,233,190,23.3198184967041,-0.2674553394317627,-4.504669666290283,23572
13.533333333333333,234,190,24.568702697753906,-0.9084290862083435,-4.797402858734131,23881
13.566666666666666,235,192,25.946487426757812,-2.0403971672058105,-4.6324591636657715,23760
13.6,236,195,26.530536651611328,-3.425356149673462,-5.139884948730469,23760
13.633333333333333,237,196,28.60822105407715,-5.0215678215026855,-5.565404415130615,23023
13.666666666666666,240,197,27.596961975097656,-5.481167316436768,-5.841203689575195,24255
13.7,242,196,27.344722747802734,-7.365097522735596,-5.120182991027832,24549
13.733333333333333,243,195,25.097917556762695,-7.520479202270508,-5.677705764770508,23595
13.766666666666666,244,195,23.478586196899414,-8.773726463317871,-5.656008243560791,23904
13.799999999999999,245,195,22.27373504638672,-8.891809463500977,-5.969316005706787,23881
13.833333333333334,245,196,21.456804275512695,-10.314584732055664,-5.9593305587768555,25752
13.866666666666667,245,198,21.333049774169922,-11.182172775268555,-6.117347717285156,25777
13.9,246,201,22.954347610473633,-11.666461944580078,-5.848501205444336,25650
13.933333333333334,246,203,25.066226959228516,-12.763402938842773,-5.655203819274902,25330
13.966666666666667,249,206,25.355710983276367,-13.192245483398438,-5.773573398590088,25800
14.0,249,206,27.21837615966797,-13.909884452819824,-5.799764633178711,25308
14.033333333333333,250,207,27.50196647644043,-14.831683158874512,-5.705530166625977,25308
14.066666666666666,249,206,28.17306137084961,-15.05740737915039,-5.4354705810546875,25137
14.1,250,203,27.70947265625,-14.863556861877441,-5.111557483673096,25032
14.133333333333333,249,202,27.492473602294922,-14.760058403015137,-4.444851875305176,24549
14.166666666666666,251,200,24.150197982788086,-14.412596702575684,-4.692020893096924,25012
14.2,252,195,21.97674560546875,-13.652850151062012,-5.108103275299072,23452
14.233333333333333,253,192,21.02836799621582,-12.880742073059082,-5.4147162437438965,23572
14.266666666666666,252,190,18.87271499633789,-12.531939506530762,-5.972275733947754,23406
14.299999999999999,250,191,17.685922622680664,-9.802962303161621,-5.604406356811523,23688
14.333333333333334,249,185,17.00922393798828,-7.709733963012695,-5.305510520935059,23520
14.366666666666667,249,179,16.024370193481445,-6.162749290466309,-4.248012065887451,21708
14.4,247,176,16.388391494750977,-2.9479589462280273,-4.043717861175537,22244
14.433333333333334,245,170,15.820164680480957,-0.8329066038131714,-3.8038108348846436,22140
14.466666666666667,243,166,14.317852020263672,2.7588419914245605,-3.6792290210723877,21546
14.5,241,159,14.428851127624512,3.054877281188965,-3.173208236694336,20352
14.533333333333333,239,155,11.956196784973145,5.705279350280762,-2.7612202167510986,19431
14.566666666666666,237,152,11.628815650939941,7.069593906402588,-2.7707815170288086,19152
14.6,234,150,11.348501205444336,8.30605411529541,-3.161836624145508,18029
14.633333333333333,233,149,12.549844741821289,9.615021705627441,-3.922893524169922,18120
14.666666666666666,229,149,14.228744506835938,11.222628593444824,-5.272005081176758,18000
14.7,224,148,12.3488187789917,12.840388298034668,-6.241156578063965,16936
14.733333333333333,223,149,12.044970512390137,12.410063743591309,-7.680070400238037,16704
14.766666666666666,221,146,11.66739273071289,13.88571548461914,-8.405643463134766,16472
14.799999999999999,219,142,11.765596389770508,13.481801986694336,-9.478826522827148,15820
14.833333333333334,219,137,11.25672435760498,15.282585144042969,-9.769940376281738,15707
14.866666666666667,218,134,9.318565368652344,13.892513275146484,-8.80135440826416,14497
14.9,218,133,8.761317253112793,13.225663185119629,-10.071965217590332,14606
14.933333333333334,218,130,7.871180534362793,12.842559814453125,-8.980573654174805,13650
14.966666666666667,218,128,6.985573768615723,11.547021865844727,-9.097835540771484,13056
15.0,218,127,6.477524280548096,12.240556716918945,-10.091059684753418,12726
15.033333333333333,219,127,7.2414164543151855,10.460261344909668,-10.086956024169922,12600
15.066666666666666,220,126,7.454379558563232,10.352157592773438,-10.144591331481934,12250
15.1,221,126,7.979123592376709,10.2141695022583,-10.201314926147461,11400
15.133333333333333,223,124,8.24433422088623,9.468352317810059,-9.825992584228516,11280
15.166666666666666,225,122,7.622311592102051,8.983738899230957,-8.942906379699707,10856
15.2,227,120,6.940380096435547,8.54091739654541,-8.217636108398438,10764
15.233333333333333,229,119,7.495083332061768,8.213961601257324,-7.486146926879883,10556
15.266666666666666,233,118,6.0710129737854,5.323270320892334,-6.045942306518555,10032
15.299999999999999,235,119,5.7495832443237305,2.0878748893737793,-4.487359523773193,9460
15.333333333333334,237,119,4.823312282562256,0.41851991415023804,-3.777519941329956,9010
15.366666666666667,240,119,5.45025110244751,-0.6227998733520508,-2.69803786277771,9396
15.4,242,118,4.663331985473633,-0.6850429177284241,-2.270883798599243,9483
15.433333333333334,244,117,5.403304100036621,-3.083268404006958,-1.421176791191101,9095
15.466666666666667,246,117,4.998414039611816,-4.226778507232666,-0.8602877259254456,8343
15.5,248,116,5.037816047668457,-5.264153003692627,-0.24961067736148834,8262
15.533333333333333,251,114,2.736609697341919,-3.4571373462677,0.07472818344831467,7742
15.566666666666666,252,114,3.086125612258911,-6.188279628753662,0.8874639868736267,8000
15.6,252,112,0.7463834881782532,-7.084743022918701,1.2706239223480225,7742
15.633333333333333,254,111,0.23683254420757294,-8.064377784729004,2.8910727500915527,7920
15.666666666666666,254,111,1.5372000932693481,-10.37243366241455,3.3125951290130615,7920
15.7,255,112,0.8848618865013123,-9.481307029724121,3.279456615447998,8000
15.733333333333333,256,113,1.387151837348938,-9.29059886932373,4.0041069984436035,7900
15.766666666666666,258,113,0.8804736733436584,-9.727285385131836,4.257104873657227,7742
15.799999999999999,260,112,1.5846891403198242,-10.455183982849121,5.560917377471924,7821
15.833333333333334,260,112,2.8518874645233154,-10.170798301696777,6.245002746582031,7821
15.866666666666667,260,112,2.642094373703003,-10.259613990783691,6.386194229125977,7821
15.9,261,112,2.774634599685669,-10.374181747436523,7.230196952819824,7920
15.933333333333334,262,113,2.2539291381835938,-10.608783721923828,7.67379903793335,7644
15.966666666666667,261,112,2.803089141845703,-12.273604393005371,8.243951797485352,7840
16.0,261,113,2.5852837562561035,-11.045437812805176,8.902360916137695,7742
16.03333333333333,261,113,2.8528084754943848,-12.5741605758667,9.155097007751465,7742
16.066666666666666,262,113,1.3430067300796509,-12.903016090393066,8.349164962768555,7742
16.1,262,113,1.923091173171997,-11.217639923095703,8.758296012878418,8000
16.133333333333333,262,113,0.9773992896080017,-11.20156478881836,8.264145851135254,8000
16.166666666666668,262,113,1.5488579273223877,-11.276944160461426,8.715704917907715,8000
16.2,262,112,1.250780463218689,-11.995677947998047,8.744245529174805,7920
16.233333333333334,262,112,1.2718297243118286,-11.650666236877441,8.748921394348145,7663
16.266666666666666,262,112,1.2661212682724,-13.814046859741211,8.748863220214844,7584
16.3,263,112,2.552433490753174,-12.927716255187988,8.603013038635254,7505
16.333333333333332,262,113,1.7982882261276245,-11.799047470092773,8.335131645202637,7742
16.366666666666667,263,112,2.2179152965545654,-10.830166816711426,8.21975326538086,7920
16.4,263,113,2.714462995529175,-10.443974494934082,8.12051010131836,7840
16.433333333333334,263,113,2.7488584518432617,-10.2628812789917,8.05057144165039,7840
16.466666666666665,263,112,2.6596827507019043,-9.752961158752441,8.091788291931152,7920
16.5,262,113,1.8185597658157349,-11.010690689086914,8.145809173583984,7742
16.53333333333333,261,112,2.8210361003875732,-9.455650329589844,7.605531215667725,7821
16.566666666666666,261,112,2.1758480072021484,-8.238140106201172,7.306721210479736,7821
16.6,261,112,2.70238995552063,-6.3227009773254395,7.1638383865356445,7742
16.633333333333333,261,112,2.0384292602539062,-6.708064079284668,6.822197914123535,7821
16.666666666666668,261,112,2.255155563354492,-9.473226547241211,6.594635009765625,7821
16.7,261,112,2.549875020980835,-8.821223258972168,6.657650470733643,7920
16.733333333333334,260,113,2.287097692489624,-8.091617584228516,5.500175476074219,7840
16.766666666666666,259,113,2.23791241645813,-6.432014465332031,5.743778228759766,7821
16.8,258,113,2.0857880115509033,-8.509228706359863,4.920124530792236,8000
16.833333333333332,256,112,1.1673965454101562,-7.63440465927124,3.8123390674591064,8820
16.866666666666667,254,113,8.230840682983398,-7.546151638031006,1.801725149154663,8586
16.9,253,110,6.60154390335083,-9.966987609863281,2.612924575805664,8216
16.933333333333334,253,107,6.310583114624023,-6.5656352043151855,2.676506757736206,8240
16.966666666666665,252,106,6.731177806854248,0.8292630314826965,2.299701452255249,7900
17.0,251,104,4.52797794342041,1.4815090894699097,1.079337477684021,6956
17.03333333333333,250,103,-4.957159996032715,-1.3239696025848389,0.5139609575271606,6716
17.066666666666666,250,103,-12.274845123291016,-3.5799717903137207,0.3187772333621979,6570
17.1,251,104,-16.442218780517578,-5.464574813842773,0.6244232654571533,6020
17.133333333333333,250,107,-13.750129699707031,-6.940977096557617,-1.2446030378341675,5950
17.166666666666668,249,112,-16.493188858032227,-2.846299648284912,-0.8908425569534302,5070
17.2,249,117,-11.139443397521973,-14.938501358032227,0.7187276482582092,4260
17.233333333333334,248,119,-22.21650505065918,-1.2530725002288818,0.2673107981681824,3648
17.266666666666666,248,123,-22.627790451049805,-6.712484359741211,2.8592193126678467,3528
17.3,248,126,-34.58511734008789,-4.993638038635254,2.6272053718566895,3422
17.333333333333332,248,129,-35.96664047241211,-4.634992599487305,0.10497307032346725,3422
19.3,247,134,-25.356239318847656,-19.710134506225586,3.225064992904663,2025
19.333333333333332,249,134,-30.869138717651367,-7.945993423461914,-6.504053592681885,2650
19.4,252,133,-18.51247787475586,-16.77147102355957,-2.596334457397461,3819
19.433333333333334,254,135,-13.660183906555176,-21.25374984741211,-1.7165946960449219,3990
19.466666666666665,255,135,-9.195640563964844,-21.88425064086914,-3.889444589614868,4440
19.5,256,136,-4.150754451751709,-24.260774612426758,-3.9729368686676025,5280
19.53333333333333,257,137,-2.1798226833343506,-24.13068962097168,-4.773189544677734,5525
19.566666666666666,256,138,-2.4105818271636963,-22.353734970092773,-5.378015518188477,5829
19.6,257,140,0.30038216710090637,-21.283653259277344,-4.43488073348999,6674
19.633333333333333,257,141,1.277165174484253,-19.011960983276367,-4.615146160125732,7008
19.666666666666668,257,141,0.8105740547180176,-16.567020416259766,-4.460147857666016,6840
19.7,256,141,1.9581310749053955,-16.786951065063477,-3.9319770336151123,6935
19.733333333333334,256,140,4.4871134757995605,-17.298736572265625,-4.061230659484863,7252
19.766666666666666,255,139,4.54329252243042,-16.604305267333984,-4.10449743270874,7854
19.8,256,139,4.423579216003418,-16.90389060974121,-4.570005893707275,7400
19.833333333333332,255,137,5.057450294494629,-17.344890594482422,-5.235311985015869,7178
19.866666666666667,254,137,4.477467060089111,-17.687728881835938,-5.077256679534912,7700
19.9,254,137,5.72208833694458,-18.30756950378418,-5.328444004058838,7777
19.933333333333334,254,137,6.298191070556641,-19.28169822692871,-5.569023132324219,7777
19.966666666666665,254,137,5.965178489685059,-18.087718963623047,-6.574766159057617,7956
20.0,254,137,6.145471096038818,-18.479398727416992,-7.058668613433838,7956
20.03333333333333,254,137,6.3584723472595215,-18.11726188659668,-7.204709529876709,8034
20.066666666666666,254,137,6.622594833374023,-17.87666893005371,-7.360535144805908,8240
20.1,254,137,7.5735273361206055,-17.744565963745117,-7.8086466789245605,8160
20.133333333333333,254,137,7.912383556365967,-17.671598434448242,-7.536689281463623,8320
20.166666666666668,253,137,7.5444231033325195,-16.808452606201172,-6.977965831756592,8505
20.2,254,137,7.405067443847656,-16.452762603759766,-7.704732894897461,8988
20.233333333333334,254,137,7.475970268249512,-16.62254524230957,-7.751399040222168,9072
20.266666666666666,254,137,7.4284210205078125,-16.44891929626465,-8.09666919708252,9072
20.3,254,136,7.5601115226745605,-16.227096557617188,-7.802463531494141,9095
20.333333333333332,254,136,7.523855209350586,-16.087383270263672,-7.956709861755371,9374
20.366666666666667,254,136,8.555452346801758,-15.976118087768555,-7.707275390625,9483
20.4,255,136,7.8986992835998535,-14.755621910095215,-7.363237380981445,9483
20.433333333333334,255,136,5.520423889160156,-14.128864288330078,-7.181673049926758,10374
20.466666666666665,256,136,5.903937339782715,-14.244064331054688,-6.267493724822998,10672
20.5,256,135,4.3710527420043945,-12.724014282226562,-5.388261795043945,10556
20.53333333333333,256,136,5.968046188354492,-14.401822090148926,-4.920125484466553,10556
20.566666666666666,257,136,6.362313270568848,-13.480957984924316,-5.354774475097656,10948
20.6,258,135,7.0239458084106445,-14.173999786376953,-5.0314555168151855,11067
20.633333333333333,259,134,7.621927261352539,-13.714546203613281,-4.42767333984375,11305
20.666666666666668,260,134,8.046127319335938,-13.679596900939941,-4.603324890136719,11115
20.7,261,134,7.417488098144531,-13.746477127075195,-4.930490493774414,11760
20.733333333333334,261,134,7.505032062530518,-14.609726905822754,-5.129635810852051,11210
20.766666666666666,262,135,7.367762565612793,-14.598958969116211,-5.351450443267822,11858
20.8,262,136,5.974725723266602,-15.574431419372559,-6.324728012084961,12078
20.833333333333332,263,136,5.443454265594482,-15.62382984161377,-6.5094170570373535,11858
20.866666666666667,263,136,6.40774393081665,-16.663921356201172,-6.326336860656738,11979
20.9,263,136,7.379781723022461,-16.463348388671875,-6.155515193939209,11979
20.933333333333334,264,136,7.300622463226318,-16.72837257385254,-6.48116397857666,12100
20.966666666666665,264,136,7.501296043395996,-17.372371673583984,-6.048484802246094,12100
21.0,264,137,8.794090270996094,-17.786531448364258,-5.378471374511719,12423
21.03333333333333,264,139,7.926374912261963,-19.219200134277344,-4.82701301574707,12524
21.066666666666666,265,140,8.769377708435059,-17.38990592956543,-5.308921813964844,12928
21.1,265,139,10.231057167053223,-18.757770538330078,-5.188711166381836,13362
21.133333333333333,265,140,10.707382202148438,-19.400829315185547,-4.994643211364746,14310
21.166666666666668,265,140,11.176650047302246,-19.625469207763672,-4.665750980377197,14310
21.2,265,140,11.95958423614502,-18.688499450683594,-4.46527624130249,14175
21.233333333333334,265,141,11.48423957824707,-18.62968635559082,-4.43782901763916,14280
21.266666666666666,266,141,12.430939674377441,-18.633665084838867,-3.82011079788208,13668
21.3,265,140,12.030155181884766,-18.677234649658203,-3.454450845718384,14175
21.333333333333332,265,140,12.216474533081055,-18.57268714904785,-3.33345103263855,13650
21.366666666666667,265,140,13.12430191040039,-18.37495231628418,-3.2029099464416504,13650
21.4,265,141,11.880061149597168,-17.77151107788086,-3.402855157852173,13780
21.433333333333334,265,141,12.938362121582031,-16.173311233520508,-3.217933416366577,13158
21.466666666666665,265,142,14.118167877197266,-15.584136962890625,-3.545222043991089,13860
21.5,266,143,15.902731895446777,-12.792232513427734,-1.7513777017593384,14256
21.53333333333333,267,140,13.472899436950684,-4.666985034942627,2.291757583618164,13965
21.566666666666666,270,134,11.159049987792969,4.879453659057617,2.9034783840179443,12625
21.6,274,128,14.173675537109375,16.06584358215332,4.6533026695251465,13335
21.633333333333333,277,124,10.659029960632324,25.382976531982422,9.578852653503418,12524
21.666666666666668,280,120,6.995991230010986,33.211734771728516,14.897470474243164,11979
21.7,282,120,1.494696855545044,45.37522506713867,19.56382942199707,12221
21.733333333333334,281,121,-3.234039306640625,53.858463287353516,25.902423858642578,14124
21.766666666666666,282,119,-6.943089008331299,59.291542053222656,29.968320846557617,14124
21.8,282,119,-9.232338905334473,62.267494201660156,32.79005432128906,14606
21.833333333333332,284,119,-12.559281349182129,64.88406372070312,35.32319259643555,13780
21.866666666666667,288,119,-13.074406623840332,65.45748901367188,37.161109924316406,13696
21.9,291,120,-5.254630088806152,62.033016204833984,28.41587257385254,13824
21.933333333333334,294,123,-9.903796195983887,61.26746368408203,29.657108306884766,14375
21.966666666666665,303,127,-10.326424598693848,68.44135284423828,38.24424362182617,13888
22.0,306,128,-11.83383560180664,62.126251220703125,38.61426544189453,13054
22.03333333333333,307,127,-10.436448097229004,64.99354553222656,37.917720794677734,11934
22.066666666666666,307,124,-9.363028526306152,68.0622329711914,35.69696044921875,11385
22.1,308,122,-13.64824104309082,66.00653076171875,36.277164459228516,11817
22.133333333333333,311,122,-11.292030334472656,65.85700988769531,36.02310562133789,13268
22.166666666666668,314,123,-10.453414916992188,64.90174102783203,37.47661209106445,13888
22.2,318,124,-11.432184219360352,63.188358306884766,36.62809753417969,11615
22.233333333333334,320,127,-6.1666259765625,60.744380950927734,30.327077865600586,12960
22.266666666666666,320,131,-8.952301025390625,61.41181182861328,35.42831802368164,14012
22.3,321,133,-6.828427791595459,61.647613525390625,37.42695617675781,14238
22.333333333333332,319,131,-6.961893081665039,60.64634704589844,37.31824493408203,13080
22.366666666666667,319,127,-4.688305854797363,61.27838897705078,29.365253448486328,12636
22.4,319,128,-11.283217430114746,62.82112503051758,36.50904083251953,11424
22.433333333333334,319,125,-12.305806159973145,66.1848373413086,40.0253791809082,11300
22.466666666666665,319,123,-13.901498794555664,61.78836441040039,43.831138610839844,12402
22.5,319,125,-2.883444309234619,65.99221801757812,27.848527908325195,12075
22.53333333333333,320,128,-10.857961654663086,65.703857421875,36.86983871459961,13560
22.566666666666666,321,132,-13.047514915466309,61.50397872924805,33.332008361816406,13776
22.6,322,134,-7.2377848625183105,63.43714141845703,38.767642974853516,14260
22.633333333333333,321,131,-15.492647171020508,56.59452819824219,39.65550231933594,14756
22.666666666666668,321,126,-4.03638219833374,56.438720703125,24.16055679321289,13804
22.7,317,121,-9.108278274536133,64.86373901367188,23.806413650512695,12995
22.766666666666666,316,108,-8.063591003417969,76.00088500976562,36.557640075683594,11934
22.8,308,110,11.197295188903809,74.50151062011719,1.1353646516799927,11115
22.9,297,124,-56.59324645996094,82.44493103027344,57.91056442260742,10881
22.933333333333334,291,132,-9.316964149475098,77.13975524902344,21.12773323059082,12177
23.266666666666666,282,128,-53.24401092529297,87.73099517822266,76.24563598632812,10788
23.333333333333332,281,133,-32.39274978637695,86.44698333740234,58.267147064208984,11284
23.366666666666667,282,135,-25.019054412841797,85.51801300048828,51.514793395996094,11938
23.4,281,135,-23.64297103881836,85.63773345947266,49.91993713378906,11500
23.433333333333334,281,135,-23.766475677490234,85.59721374511719,50.45379638671875,11500
23.466666666666665,281,135,-33.92490005493164,87.11459350585938,60.44131088256836,11592
23.5,280,132,-28.971294403076172,85.70130920410156,56.11418151855469,10320
23.53333333333333,279,131,-28.077457427978516,86.34324645996094,53.875675201416016,9912
23.566666666666666,278,131,-25.9158878326416,86.7091293334961,51.5129280090332,10080
23.6,278,131,-22.26821517944336,86.15866088867188,47.72358322143555,10320
23.633333333333333,277,131,-26.273771286010742,85.98479461669922,51.621341705322266,10701
23.666666666666668,277,130,-31.699548721313477,85.86683654785156,57.10213851928711,10614
23.733333333333334,281,126,-55.869239807128906,82.24250793457031,76.8240966796875,11500
23.766666666666666,283,125,-44.8670768737793,79.19104766845703,65.09927368164062,12065
23.8,283,124,-58.45191955566406,82.933837890625,74.59822082519531,12065
23.833333333333332,289,124,-62.47113037109375,82.65701293945312,74.251953125,14256
23.866666666666667,286,126,-28.674461364746094,81.96084594726562,43.65805435180664,11844
23.9,286,127,10.102034568786621,70.3731689453125,13.727568626403809,12446
23.933333333333334,289,131,27.00214958190918,56.90238571166992,5.7490386962890625,12474
23.966666666666665,295,140,20.204484939575195,43.509700775146484,3.3351693153381348,11880
24.0,300,148,24.86101531982422,25.163944244384766,-0.19428721070289612,12546
24.03333333333333,303,158,28.5782470703125,13.78365421295166,-2.854875326156616,13716
24.066666666666666,305,164,26.842042922973633,5.464690208435059,-0.3001989424228668,14148
24.1,306,163,24.79007911682129,0.19800329208374023,1.2290295362472534,15344
24.133333333333333,309,160,21.528602600097656,-4.879909038543701,3.5561273097991943,13965
24.166666666666668,311,156,19.595626831054688,-7.483633518218994,4.912655353546143,14873
24.2,312,153,17.974124908447266,-7.54461145401001,5.991270065307617,15042
24.233333333333334,313,151,17.90712547302246,-8.395170211791992,6.586032390594482,14688
24.266666666666666,313,151,17.652769088745117,-8.652316093444824,6.224229335784912,14580
24.3,313,152,17.554025650024414,-8.697257041931152,6.030555248260498,14580
24.333333333333332,312,153,18.479982376098633,-8.327874183654785,5.523747444152832,14580
24.366666666666667,309,156,19.277719497680664,-8.707742691040039,5.199087619781494,14552
24.4,308,159,19.642431259155273,-8.613076210021973,4.750985145568848,14904
24.433333333333334,305,160,20.07805061340332,-9.923969268798828,4.364158630371094,15012
24.466666666666665,303,161,18.311017990112305,-9.765789031982422,4.7169599533081055,15042
24.5,303,159,15.456316947937012,-8.66623306274414,3.863311290740967,15792
24.53333333333333,301,159,13.913026809692383,-9.216745376586914,4.2390546798706055,15792
24.566666666666666,300,157,12.631926536560059,-9.191488265991211,3.9044320583343506,16188
24.6,298,154,11.451176643371582,-8.748961448669434,4.447025299072266,16385
24.633333333333333,295,153,11.548108100891113,-9.007503509521484,4.403549671173096,16498
24.666666666666668,292,152,11.736817359924316,-10.442031860351562,4.212526321411133,16498
24.7,291,153,11.371511459350586,-9.740168571472168,4.458741664886475,16644
24.733333333333334,289,154,9.660202980041504,-9.52294921875,4.566710948944092,17135
24.766666666666666,287,154,10.235020637512207,-10.145745277404785,3.8774280548095703,17135
24.8,286,156,10.200411796569824,-10.992685317993164,3.3506929874420166,16790
24.833333333333332,285,158,11.002531051635742,-11.834086418151855,3.3022472858428955,17020
24.866666666666667,285,159,11.938636779785156,-14.214003562927246,3.6383891105651855,17168
24.9,284,158,12.203351974487305,-15.203041076660156,3.4830219745635986,17052
24.933333333333334,283,156,12.916349411010742,-17.971538543701172,4.538012504577637,16445
24.966666666666665,282,157,14.04863452911377,-18.67365837097168,4.5724029541015625,16560
25.0,280,156,15.470181465148926,-17.25665283203125,4.525968074798584,17255
25.03333333333333,278,156,15.60562515258789,-17.710079193115234,4.229796409606934,17612
25.066666666666666,276,155,16.970355987548828,-17.862274169921875,3.747575283050537,17374
25.1,273,154,18.306074142456055,-17.42826271057129,2.670736312866211,17787
25.133333333333333,269,157,19.63767433166504,-17.325634002685547,0.7967292666435242,17666
25.166666666666668,267,157,18.274293899536133,-18.645774841308594,-0.02646377496421337,17160
25.2,265,159,18.637205123901367,-17.25343132019043,-2.5269041061401367,17787
25.233333333333334,264,162,17.55984878540039,-15.697277069091797,-3.5393362045288086,18544
25.266666666666666,263,163,17.19617462158203,-15.909417152404785,-4.255725383758545,18819
25.3,261,164,16.721426010131836,-15.76128101348877,-5.243360996246338,19530
25.333333333333332,260,165,17.01988983154297,-15.140379905700684,-5.372178077697754,18696
25.366666666666667,258,166,16.469675064086914,-15.513874053955078,-6.578685760498047,18696
25.4,256,167,17.46784019470215,-15.870912551879883,-6.602145195007324,18819
25.433333333333334,254,168,18.153453826904297,-15.084575653076172,-7.147370338439941,19431
25.466666666666665,252,168,19.412172317504883,-14.753190994262695,-7.902496337890625,19431
25.5,251,169,18.61345672607422,-13.77531909942627,-7.4908671379089355,19712
25.53333333333333,248,167,19.101551055908203,-13.669047355651855,-8.24004077911377,19737
25.566666666666666,246,167,17.20024871826172,-11.88174057006836,-8.932149887084961,19456
25.6,244,166,17.150920867919922,-10.646782875061035,-9.189351081848145,19431
25.633333333333333,241,166,17.444242477416992,-9.97591495513916,-9.313987731933594,19558
25.666666666666668,239,164,17.301958084106445,-9.059706687927246,-10.048766136169434,19558
25.7,237,161,16.12570571899414,-7.939785957336426,-10.922357559204102,19304
25.733333333333334,236,161,16.193950653076172,-6.694491386413574,-10.49113655090332,19584
25.766666666666666,234,160,15.711602210998535,-5.723151206970215,-10.540576934814453,19456
25.8,233,157,14.462417602539062,-3.356457471847534,-10.721989631652832,19328
25.833333333333332,232,155,13.288020133972168,-2.284515857696533,-10.508932113647461,19456
25.866666666666667,230,153,12.255731582641602,-1.8717195987701416,-10.362332344055176,19304
25.9,228,151,11.47728443145752,-0.10480812191963196,-10.043182373046875,19304
25.933333333333334,226,147,10.101736068725586,-0.32178226113319397,-10.190194129943848,19304
25.966666666666665,225,145,8.24608325958252,1.1581846475601196,-10.275190353393555,19026
26.0,222,143,7.4325151443481445,2.4482574462890625,-10.660795211791992,17424
26.03333333333333,222,142,6.84877347946167,3.0429623126983643,-10.922168731689453,17280
26.066666666666666,221,141,5.766120910644531,3.1208696365356445,-10.841720581054688,17136
26.099999999999998,220,139,6.08052396774292,4.624007701873779,-11.746131896972656,17640
26.133333333333333,218,139,5.615161895751953,4.033301830291748,-12.536713600158691,17374
26.166666666666668,218,138,6.101607322692871,3.8180301189422607,-12.6627836227417,17493
26.2,218,138,5.486283302307129,3.4810543060302734,-12.707859992980957,17374
26.233333333333334,218,137,3.570258140563965,3.231713056564331,-14.195385932922363,16588
26.266666666666666,217,137,3.578359603881836,2.2070460319519043,-14.1803560256958,16100
26.3,218,135,2.7674965858459473,1.9387145042419434,-14.088356971740723,15985
26.333333333333332,219,135,2.2840616703033447,-0.03666992858052254,-14.107635498046875,16008
26.366666666666667,219,133,2.3596184253692627,-2.2666397094726562,-14.684789657592773,15255
26.4,220,133,3.2746894359588623,-3.900688409805298,-14.441457748413086,15504
26.433333333333334,220,133,2.8546688556671143,-5.1573166847229,-15.580982208251953,15368
26.466666666666665,221,133,3.7707536220550537,-5.011706829071045,-16.033222198486328,15255
26.5,223,134,3.88749361038208,-5.671431064605713,-16.70891571044922,15732
26.53333333333333,224,135,3.272176504135132,-7.413687229156494,-18.29288673400879,14824
26.566666666666666,226,136,4.609604358673096,-7.752642631530762,-18.354387283325195,14933
26.599999999999998,226,137,3.795706033706665,-8.7735013961792,-18.765098571777344,14904
26.633333333333333,227,138,4.110273361206055,-8.267559051513672,-18.222610473632812,14552
26.666666666666668,229,138,3.834320306777954,-8.67531967163086,-17.55876922607422,14659
26.7,232,139,4.149343967437744,-8.295970916748047,-16.549972534179688,15042
26.733333333333334,235,139,3.778289318084717,-8.26177978515625,-16.325952529907227,15792
26.766666666666666,236,140,3.5847153663635254,-8.94813346862793,-15.03805923461914,15042
26.8,238,141,3.2664077281951904,-8.552425384521484,-15.117499351501465,15792
26.833333333333332,240,140,3.7197909355163574,-8.695292472839355,-13.98025894165039,16302
26.866666666666667,241,140,4.348004341125488,-9.694783210754395,-13.006237983703613,16159
26.9,242,140,5.273098945617676,-9.797968864440918,-12.028068542480469,16159
26.933333333333334,244,140,4.736091613769531,-8.197880744934082,-11.129751205444336,16272
26.966666666666665,246,141,5.341963768005371,-7.421818256378174,-9.711970329284668,16790
27.0,248,143,5.59568977355957,-5.929264545440674,-8.816899299621582,17168
27.03333333333333,249,143,5.994510173797607,-3.9952855110168457,-8.38089656829834,17969
27.066666666666666,251,143,7.089662075042725,-3.9345037937164307,-7.457521915435791,18360
27.099999999999998,252,144,8.000783920288086,-5.323173999786377,-6.566512584686279,18360
27.133333333333333,253,144,8.48885440826416,-3.5043838024139404,-5.844846248626709,18600
27.166666666666668,252,145,8.843268394470215,-3.893280506134033,-5.313294410705566,18755
27.2,253,146,8.32800579071045,-3.121424913406372,-5.24403190612793,19154
27.233333333333334,253,146,8.541077613830566,-4.858409404754639,-4.79864501953125,19434
27.266666666666666,256,147,9.402897834777832,-4.563264846801758,-4.495294094085693,20034
27.3,256,148,9.754148483276367,-6.234935283660889,-4.286496639251709,19908
27.333333333333332,256,148,12.123810768127441,-6.710524082183838,-3.8059492111206055,20193
27.366666666666667,256,149,12.47842025756836,-7.563452243804932,-3.8025858402252197,20193
27.4,256,149,12.766286849975586,-7.8158063888549805,-3.2199323177337646,20352
27.433333333333334,256,150,13.541778564453125,-8.048707962036133,-3.2578322887420654,20352
27.466666666666665,255,151,13.163968086242676,-8.807453155517578,-3.1641578674316406,20480
27.5,254,152,13.512563705444336,-8.55198860168457,-3.5508086681365967,20640
27.53333333333333,253,155,12.710700988769531,-9.4595947265625,-4.483750343322754,21580
27.566666666666666,253,157,13.950244903564453,-10.64585018157959,-4.2353434562683105,22950
27.599999999999998,253,160,15.232379913330078,-12.203581809997559,-4.610475063323975,22512
27.633333333333333,252,161,14.816533088684082,-14.162212371826172,-4.969786643981934,22477
27.666666666666668,253,162,15.864712715148926,-14.643559455871582,-5.126725673675537,22646
27.7,252,163,15.863548278808594,-14.684188842773438,-5.652952671051025,22914
27.733333333333334,250,165,15.59239673614502,-15.629316329956055,-5.626454830169678,23355
27.766666666666666,250,167,16.117769241333008,-16.244033813476562,-5.760738372802734,23664
27.8,249,169,16.633190155029297,-16.69315528869629,-5.78187894821167,24640
27.833333333333332,250,170,16.04376220703125,-16.791818618774414,-6.831859588623047,23701
27.866666666666667,250,172,15.559708595275879,-17.536760330200195,-6.683538913726807,24500
27.9,250,172,16.33595085144043,-18.434602737426758,-6.955112934112549,24850
27.933333333333334,250,174,17.90716552734375,-19.32169532775879,-6.801784515380859,24534
27.966666666666665,252,176,17.260873794555664,-19.504745483398438,-7.332738876342773,24393
28.0,254,179,18.338136672973633,-20.56951332092285,-6.933180332183838,24424
28.03333333333333,255,181,18.71436882019043,-21.033390045166016,-6.679258346557617,24080
28.066666666666666,255,182,19.30679702758789,-22.2751407623291,-5.439337253570557,24534
28.099999999999998,257,184,19.230606079101562,-22.84292221069336,-4.727179050445557,24850
28.133333333333333,257,185,19.604145050048828,-23.677412033081055,-4.476466655731201,25311
28.166666666666668,259,186,20.751127243041992,-23.867084503173828,-3.711085081100464,25454
28.2,260,185,21.10565757751465,-24.696186065673828,-2.994483709335327,25883
28.233333333333334,261,184,22.007631301879883,-26.187421798706055,-1.3916560411453247,26312
28.266666666666666,263,181,22.329906463623047,-26.69943618774414,-1.0436441898345947,25883
28.3,265,178,20.08456802368164,-26.381961822509766,-0.8672083616256714,25454
28.333333333333332,266,176,19.638633728027344,-25.971755981445312,-0.24674129486083984,25168
28.366666666666667,266,176,19.61351203918457,-25.881580352783203,0.19149033725261688,25632
28.4,267,175,19.78264617919922,-25.893802642822266,0.33187493681907654,25488
28.433333333333334,267,175,19.754932403564453,-26.064781188964844,0.8888993859291077,26313
28.466666666666665,268,175,22.167612075805664,-26.36971092224121,0.9168356657028198,24393
28.5,269,179,21.79789924621582,-28.089599609375,1.4100335836410522,24534
28.53333333333333,270,180,22.414457321166992,-28.089923858642578,1.4384223222732544,24534
28.566666666666666,272,182,23.552898406982422,-29.617061614990234,2.7038726806640625,25200
28.599999999999998,273,183,23.948863983154297,-29.621204376220703,3.1650640964508057,25488
28.633333333333333,274,183,24.9829044342041,-30.211332321166992,3.988375663757324,25200
28.666666666666668,275,184,23.989336013793945,-30.149682998657227,3.9838621616363525,25702
28.7,275,181,24.244564056396484,-30.6177978515625,4.517460346221924,24252
28.733333333333334,276,179,23.773481369018555,-30.697223663330078,5.186277866363525,24393
28.766666666666666,277,179,22.77937126159668,-31.290502548217773,5.187526702880859,23564
28.8,279,176,23.047611236572266,-30.719820022583008,5.854313373565674,24912
28.833333333333332,281,174,22.426406860351562,-30.701297760009766,5.9964470863342285,24453
28.866666666666667,283,173,21.18569564819336,-30.247760772705078,6.98682165145874,25872
28.9,284,174,22.009017944335938,-29.463972091674805,7.38215446472168,26196
28.933333333333334,284,174,21.171104431152344,-29.686616897583008,7.539477825164795,26671
28.966666666666665,285,174,21.506553649902344,-30.074148178100586,8.475831031799316,26492
29.0,285,173,21.279903411865234,-29.1717472076416,8.82319164276123,26313
29.03333333333333,286,170,20.66268539428711,-29.284223556518555,9.347785949707031,23829
29.066666666666666,287,169,20.23920249938965,-28.871253967285156,9.424019813537598,23829
29.099999999999998,288,168,19.97397804260254,-26.219512939453125,9.954219818115234,24140
29.133333333333333,288,166,18.761680603027344,-24.224300384521484,10.167954444885254,24424
29.166666666666668,289,164,18.74453353881836,-23.356666564941406,11.312238693237305,23800
29.2,289,163,17.802452087402344,-22.532629013061523,10.758456230163574,22984
29.233333333333334,289,162,17.274925231933594,-21.209632873535156,10.808419227600098,22815
29.266666666666666,289,161,17.256336212158203,-19.565776824951172,10.714864730834961,22545
29.3,289,161,15.403046607971191,-17.073984146118164,10.542336463928223,22545
29.333333333333332,289,161,14.932618141174316,-15.254118919372559,10.51012134552002,22078
29.366666666666667,288,160,14.675591468811035,-12.38503360748291,10.715850830078125,21812
29.4,289,157,14.832693099975586,-10.570564270019531,11.200590133666992,21842
29.433333333333334,289,155,15.70959758758545,-8.514439582824707,11.32298755645752,21708
29.466666666666665,290,154,15.529866218566895,-7.459218502044678,11.991567611694336,21708
29.5,290,151,15.820104598999023,-5.288172721862793,11.680608749389648,20410
29.53333333333333,290,150,15.741415977478027,-5.460119247436523,12.210282325744629,20096
29.566666666666666,290,148,15.040557861328125,-4.794957637786865,12.472454071044922,19840
29.599999999999998,291,148,14.297652244567871,-4.2732834815979,12.659850120544434,19968
29.633333333333333,291,146,13.917553901672363,-2.9327712059020996,12.551722526550293,19968
29.666666666666668,290,146,12.570961952209473,-2.231658935546875,12.463013648986816,19812
29.7,290,144,11.960470199584961,-1.2730597257614136,13.416301727294922,19404
29.733333333333334,289,143,10.505570411682129,-0.6949834823608398,13.57222843170166,18204
29.766666666666666,289,142,10.342995643615723,0.9619472026824951,13.029603004455566,17812
29.8,288,141,10.475748062133789,1.8858745098114014,12.403325080871582,17812
29.833333333333332,287,139,11.122369766235352,1.9372953176498413,12.193970680236816,17400
29.866666666666667,286,138,10.425376892089844,4.142179489135742,12.533862113952637,17400
29.9,284,138,10.905200958251953,3.842332124710083,11.479150772094727,17255
29.933333333333334,283,138,9.357969284057617,3.4066152572631836,10.284876823425293,17255
29.966666666666665,282,138,8.558611869812012,2.1708126068115234,10.078660011291504,16588
30.0,280,138,8.87214469909668,0.5367105603218079,8.4674711227417,17612
30.03333333333333,277,138,10.685670852661133,-0.6847277879714966,7.1437201499938965,17640
30.066666666666666,273,139,9.619213104248047,-1.035659909248352,6.06221342086792,17493
30.099999999999998,272,140,9.243029594421387,-2.7992913722991943,5.055018424987793,17640
30.133333333333333,270,140,9.841121673583984,-3.6606030464172363,4.329082012176514,17255
30.166666666666668,268,142,9.68682861328125,-3.5085694789886475,2.6780362129211426,17374
30.2,264,144,10.829423904418945,-3.203555107116699,0.5413879752159119,18300
30.233333333333334,262,147,11.84323501586914,-3.846287727355957,-0.6925621628761292,18544
30.266666666666666,258,149,12.863037109375,-3.720191478729248,-1.957113265991211,18029
30.3,256,152,14.071255683898926,-3.391700029373169,-3.0480096340179443,18271
30.333333333333332,254,152,14.435484886169434,-3.3026175498962402,-4.496367931365967,18178
30.366666666666667,252,154,14.256705284118652,-3.6551806926727295,-5.756687164306641,18204
30.4,250,156,15.872201919555664,-3.0002634525299072,-7.1807074546813965,18204
30.433333333333334,249,157,16.581676483154297,-2.4413933753967285,-8.238749504089355,18522
30.466666666666665,248,159,17.20113182067871,-2.4831042289733887,-9.053470611572266,18669
30.5,248,164,20.2548770904541,-3.3663527965545654,-9.046732902526855,19456
30.53333333333333,247,168,23.72435760498047,-3.022451877593994,-9.625142097473145,21280
30.566666666666666,245,171,23.136646270751953,-3.7356579303741455,-10.832151412963867,19995
30.599999999999998,244,174,25.50828742980957,-4.14473295211792,-10.67353343963623,19840
30.633333333333333,244,176,24.965835571289062,-3.7799313068389893,-11.209319114685059,21280
30.666666666666668,244,176,24.856815338134766,-3.8231022357940674,-11.223345756530762,21280
30.7,244,175,24.821184158325195,-3.9274051189422607,-10.824108123779297,21574
30.733333333333334,243,174,25.222742080688477,-4.912621021270752,-10.405081748962402,21735
30.766666666666666,243,174,24.197490692138672,-4.995512008666992,-10.140105247497559,21014
30.8,244,173,24.072498321533203,-5.190307140350342,-10.089245796203613,21014
30.833333333333332,245,173,23.463485717773438,-5.603198051452637,-9.713271141052246,21172
30.866666666666667,245,174,25.21615219116211,-6.826442241668701,-8.717910766601562,22304
30.9,245,176,24.044832229614258,-6.177066802978516,-8.643319129943848,22140
30.933333333333334,246,177,27.181936264038086,-6.7645263671875,-8.04029655456543,21679
30.966666666666665,248,178,26.585424423217773,-7.265009880065918,-7.236724376678467,21870
31.0,250,177,26.33057403564453,-8.492048263549805,-5.066114902496338,21280
31.03333333333333,253,176,21.871681213378906,-7.852332592010498,-5.0973591804504395,21440
31.066666666666666,254,176,22.3809814453125,-8.927316665649414,-3.580695867538452,21870
31.099999999999998,256,175,22.63578224182129,-8.794513702392578,-1.66306734085083,22742
31.133333333333333,258,175,22.049060821533203,-9.294760704040527,1.1715173721313477,22576
31.166666666666668,261,175,22.28452491760254,-8.83520221710205,2.1329495906829834,22984
31.2,262,175,22.417617797851562,-7.9277472496032715,3.5108470916748047,23290
31.233333333333334,264,174,22.164731979370117,-7.848498821258545,4.890353202819824,24220
31.266666666666666,265,174,21.547679901123047,-7.099169731140137,5.714500427246094,24360
31.3,266,174,20.765573501586914,-5.852768421173096,6.321225166320801,24816
31.333333333333332,268,174,20.47673225402832,-5.611743927001953,6.892507076263428,25134
31.366666666666667,268,175,20.509992599487305,-5.649596691131592,7.550380229949951,24816
31.4,270,176,20.542940139770508,-5.926380157470703,8.413671493530273,24816
31.433333333333334,271,177,19.00406837463379,-5.7460246086120605,9.384032249450684,24992
31.466666666666665,272,176,19.341548919677734,-5.462341785430908,10.282927513122559,24850
31.5,272,176,19.38043975830078,-6.01414155960083,11.2867431640625,24393
31.53333333333333,272,175,18.828866958618164,-5.48029088973999,12.254960060119629,24111
31.566666666666666,273,176,19.382905960083008,-5.342220783233643,12.54667854309082,23970
31.599999999999998,273,176,19.154905319213867,-5.493915557861328,13.169557571411133,23970
31.633333333333333,273,175,18.913612365722656,-5.514382362365723,13.44873046875,23970
31.666666666666668,273,174,17.775009155273438,-5.79792594909668,13.940032005310059,24111
31.7,274,173,17.096826553344727,-6.217776775360107,13.863680839538574,23856
31.733333333333334,274,171,17.194232940673828,-5.823706150054932,13.996270179748535,24192
31.766666666666666,274,170,16.640949249267578,-5.670065879821777,14.193501472473145,24192
31.8,273,168,14.788267135620117,-6.027093887329102,14.265677452087402,23881
31.833333333333332,273,167,15.086294174194336,-6.790915489196777,14.54037857055664,24024
31.866666666666667,273,167,14.542725563049316,-7.491000652313232,14.769017219543457,23970
31.9,273,165,15.305686950683594,-8.00934886932373,14.087156295776367,24111
31.933333333333334,273,166,16.177827835083008,-8.295918464660645,13.356620788574219,24424
31.966666666666665,272,167,16.408769607543945,-8.550498962402344,12.440007209777832,24080
32.0,271,167,16.235443115234375,-9.889920234680176,10.623682975769043,23290
32.03333333333333,272,166,17.035160064697266,-10.483291625976562,8.716134071350098,22848
32.06666666666666,271,166,16.068819046020508,-11.04481029510498,6.944148063659668,22680
32.1,271,165,16.424217224121094,-11.233941078186035,5.628291606903076,22378
32.13333333333333,271,164,16.429357528686523,-11.916259765625,4.602093696594238,22378
32.166666666666664,270,165,15.59560775756836,-11.942869186401367,3.7035069465637207,22078
32.2,270,165,16.005264282226562,-12.251487731933594,2.8249449729919434,22244
32.233333333333334,269,165,16.383323669433594,-11.567544937133789,1.8236908912658691,22378
32.266666666666666,268,168,14.716733932495117,-12.178025245666504,0.8857819437980652,22610
32.3,267,169,14.683846473693848,-11.879069328308105,0.20842820405960083,22780
32.333333333333336,266,170,14.565523147583008,-10.712881088256836,-1.1368565559387207,23528
32.36666666666667,265,171,15.442618370056152,-11.469565391540527,-1.498795986175537,23220
32.4,265,171,15.677884101867676,-11.70613956451416,-1.89455246925354,22950
32.43333333333333,265,171,16.147499084472656,-12.058439254760742,-2.371936082839966,23085
32.46666666666667,266,172,16.253446578979492,-12.073920249938965,-2.277521848678589,23120
32.5,267,172,16.013837814331055,-12.261616706848145,-2.0082740783691406,23120
32.53333333333333,269,172,15.865995407104492,-12.049590110778809,-1.67768394947052,23256
32.56666666666666,270,172,14.857826232910156,-11.501473426818848,-1.3810555934906006,23564
32.6,272,171,13.213201522827148,-11.277467727661133,-0.8915295004844666,23120
32.63333333333333,273,169,13.324451446533203,-11.824487686157227,0.012875691056251526,22848
32.666666666666664,274,168,12.771828651428223,-10.885026931762695,0.6423190236091614,22410
32.7,274,167,14.203207969665527,-11.424798011779785,1.7076631784439087,22275
32.733333333333334,275,167,13.476065635681152,-11.851866722106934,2.5525591373443604,22140
32.766666666666666,276,166,13.970832824707031,-12.336504936218262,3.4964842796325684,22440
32.8,277,167,13.910593032836914,-13.2457275390625,4.172348976135254,22576
32.833333333333336,278,166,15.532975196838379,-12.109745025634766,4.674662113189697,22576
32.86666666666667,279,167,16.070844650268555,-13.0918550491333,4.79610013961792,22879
32.9,280,168,15.759593963623047,-13.512948989868164,5.329836845397949,22712
32.93333333333333,279,169,16.216167449951172,-14.233193397521973,6.069708824157715,23427
32.96666666666667,280,172,17.32054328918457,-14.451289176940918,6.519537448883057,24780
33.0,280,173,19.108442306518555,-15.164918899536133,7.720826625823975,24534
33.03333333333333,280,176,19.39984893798828,-14.31322956085205,9.335335731506348,24640
33.06666666666666,280,180,18.880084991455078,-13.054682731628418,11.484875679016113,25480
33.1,280,181,18.887847900390625,-10.30132007598877,13.170458793640137,26128
33.13333333333333,279,180,17.6306095123291,-8.44499397277832,13.903294563293457,26169
33.166666666666664,279,178,18.14859962463379,-6.140383720397949,14.81152629852295,25134
33.2,277,178,18.238136291503906,-4.88478946685791,15.263215065002441,25418
33.233333333333334,275,177,17.54892921447754,-3.671128988265991,15.41198444366455,24640
33.266666666666666,274,177,16.793262481689453,-2.482227325439453,15.176949501037598,25276
33.3,270,176,14.65261173248291,-1.1458009481430054,14.285262107849121,25025